{
    "current_epoch": 5,
    "best_loss": 0.11525371970407366,
    "best_acc": 0.8685082872928177,
    "best_mae": 0.5699921091395889,
    "best_corr": 0.8056163230973076,
    "best_f1_score": 0.8682188609325278,
    "best_acc_7": 0.5332758992031015,
    "best_epoch": 4,
    "calibrated_threshold": 7.632783294297951e-16,
    "acc_at_calibrated": 0.869060773480663,
    "f1_at_calibrated": 0.8688149218562145,
    "train_losses": [
        0.621729462203368,
        0.28831670344087296,
        0.1297577412206906,
        0.08872215500454568,
        0.06544748008380265
    ],
    "valid_losses": [
        0.12869963859292546,
        0.11559247940196321,
        0.11840346127180686,
        0.11881878755242506,
        0.11525371970407366
    ],
    "test_metrics": {
        "acc": [
            0.8511049723756906,
            0.8604972375690608,
            0.8640883977900552,
            0.8646408839779005,
            0.8685082872928177
        ],
        "mae": [
            0.618464350521832,
            0.5710305931170095,
            0.580166499912533,
            0.5850602834778761,
            0.5699921091395889
        ],
        "acc7": [
            0.5341374111565798,
            0.5321990092612535,
            0.5324143872496231,
            0.5354296790867973,
            0.5332758992031015
        ],
        "f1": [
            0.8522594739275499,
            0.8609292017074474,
            0.8621575305131973,
            0.8652827399316286,
            0.8682188609325278
        ],
        "corr": [
            0.7894951710506851,
            0.8030740966907889,
            0.7970322369823247,
            0.8019307764123769,
            0.8056163230973076
        ]
    }
}