{
    "current_epoch": 15,
    "best_loss": 0.7537954598665237,
    "best_acc": 0.42290076335877863,
    "best_mae": 1.517849798648412,
    "best_corr": 0.028538706652807576,
    "best_f1_score": 0.25138092585918814,
    "best_acc_7": 0.15474452554744525,
    "best_epoch": 1,
    "calibrated_threshold": -0.2199999999999997,
    "acc_at_calibrated": 0.4916030534351145,
    "f1_at_calibrated": 0.45265723205882913,
    "train_losses": [
        2.7129535327355065,
        2.7090155432621636,
        2.624240199724833,
        3.682282275209824,
        2.5038744335373244,
        2.603902926047643,
        2.6269377917051315,
        2.4229283618430295,
        2.4716959136227765,
        2.5395468125740686,
        2.3582661474744477,
        2.427575007081032,
        2.3494533797105155,
        2.320786709586779,
        2.217875291903814
    ],
    "valid_losses": [
        0.8255065828561783,
        0.7537954598665237,
        1.1047596037387848,
        0.7577294856309891,
        0.8605183660984039,
        0.9004053920507431,
        0.7675939351320267,
        0.7971176356077194,
        0.7929966896772385,
        0.7879275977611542,
        0.7722511440515518,
        0.808574378490448,
        0.7913752943277359,
        0.7879732251167297,
        0.7899412363767624
    ],
    "test_metrics": {
        "acc": [
            0.42290076335877863,
            0.42290076335877863,
            0.5770992366412214,
            0.42290076335877863,
            0.5740458015267176,
            0.42290076335877863,
            0.4732824427480916,
            0.5786259541984733,
            0.42290076335877863,
            0.5465648854961832,
            0.43206106870229005,
            0.48854961832061067,
            0.48396946564885496,
            0.4580152671755725,
            0.5251908396946565
        ],
        "mae": [
            1.6576589433063988,
            1.517849798648412,
            1.4174068423855395,
            1.5377239324436842,
            1.4332356175393548,
            1.7666825276977234,
            1.494209722344202,
            1.443153940472496,
            1.6014663245386749,
            1.4689783428575247,
            1.5644730380245748,
            1.5123756484220956,
            1.5203611797731342,
            1.5369470299200247,
            1.4844318532306728
        ],
        "acc7": [
            0.16496350364963502,
            0.15474452554744525,
            0.21021897810218979,
            0.15328467153284672,
            0.15474452554744525,
            0.16496350364963502,
            0.15036496350364964,
            0.15474452554744525,
            0.18394160583941604,
            0.15182481751824817,
            0.17518248175182483,
            0.1678832116788321,
            0.16934306569343066,
            0.1781021897810219,
            0.1678832116788321
        ],
        "f1": [
            0.25138092585918814,
            0.25138092585918814,
            0.42234948973936437,
            0.25138092585918814,
            0.42092980208942626,
            0.25138092585918814,
            0.4126366998862474,
            0.5005965103598692,
            0.25138092585918814,
            0.5491036411100251,
            0.2927089675207378,
            0.4493698881072305,
            0.43672019469979556,
            0.3875040392452188,
            0.5176701279223942
        ],
        "corr": [
            0.008369195774902607,
            0.028538706652807576,
            0.04479201077100409,
            0.02694924736678332,
            0.027790394272795366,
            0.02391769186364616,
            0.031083677043764277,
            0.027150137484033214,
            0.03521948173397256,
            0.0416858885939401,
            0.05162762050103905,
            0.0585016063974343,
            0.06555561393859373,
            0.0686655102925743,
            0.06592220735212817
        ]
    }
}