{
    "current_epoch": 35,
    "best_loss": 0.5769066214561462,
    "best_acc": 0.6916030534351145,
    "best_mae": 1.2435104398056864,
    "best_corr": 0.45651837509678356,
    "best_f1_score": 0.6924257214329278,
    "best_acc_7": 0.23795620437956205,
    "best_epoch": 34,
    "calibrated_threshold": 0.4200000000000004,
    "acc_at_calibrated": 0.7190839694656489,
    "f1_at_calibrated": 0.7129762535268741,
    "train_losses": [
        2.595622325936953,
        2.1617159321904182,
        2.0340260540445647,
        1.9842545241117477,
        2.009325551489989,
        1.8872813796624541,
        1.8499580603092909,
        1.8526429335276287,
        1.8406466990709305,
        1.8594790399074554,
        1.8532922292749088,
        1.8003158755600452,
        1.8045409147938092,
        1.8511474604407947,
        1.7836737111210823,
        1.7127847423156102,
        1.7524569804469745,
        1.712842268248399,
        1.7307352672020595,
        1.7595875021070242,
        1.7062103350957234,
        1.6488227794567745,
        1.7336642071604729,
        1.6665176699558895,
        1.5490832381571333,
        1.6302440414826076,
        1.5952663098772366,
        1.6031678020954132,
        1.5494737798968952,
        1.4416473942740897,
        1.5673272411028545,
        1.4499738688270252,
        1.719579640030861,
        1.7713629961013795,
        1.408216946447889
    ],
    "valid_losses": [
        0.6823097616434097,
        0.668452262878418,
        0.65886340290308,
        0.6827059090137482,
        0.6888367086648941,
        0.6961110234260559,
        0.674791157245636,
        0.7006198316812515,
        0.6750023066997528,
        0.6873104870319366,
        0.67205910384655,
        0.6798371523618698,
        0.6635115295648575,
        0.6947623491287231,
        0.6790833026170731,
        0.6678538471460342,
        0.6810038387775421,
        0.6623217910528183,
        0.6775552183389664,
        0.6347083449363708,
        0.6334036141633987,
        0.6448917388916016,
        0.6222625225782394,
        0.6171322911977768,
        0.6126352101564407,
        0.581231452524662,
        0.5981293767690659,
        0.6054124012589455,
        0.6023920625448227,
        0.5928378105163574,
        0.5911560207605362,
        0.5793857797980309,
        0.6225839704275131,
        0.5903536006808281,
        0.5769066214561462
    ],
    "test_metrics": {
        "acc": [
            0.46564885496183206,
            0.4442748091603053,
            0.44122137404580153,
            0.48244274809160304,
            0.45190839694656487,
            0.46412213740458014,
            0.47022900763358777,
            0.5114503816793893,
            0.4595419847328244,
            0.4534351145038168,
            0.5022900763358779,
            0.4717557251908397,
            0.5435114503816794,
            0.4900763358778626,
            0.5801526717557252,
            0.5129770992366413,
            0.5557251908396946,
            0.5389312977099237,
            0.665648854961832,
            0.5587786259541985,
            0.5816793893129771,
            0.5938931297709924,
            0.6244274809160305,
            0.6351145038167939,
            0.6290076335877862,
            0.6854961832061068,
            0.6900763358778625,
            0.6213740458015267,
            0.6870229007633588,
            0.6412213740458015,
            0.6916030534351145,
            0.683969465648855,
            0.650381679389313,
            0.6977099236641221,
            0.6916030534351145
        ],
        "mae": [
            1.5067373200001564,
            1.5113252846591658,
            1.5099904264646888,
            1.5026410968121113,
            1.518587154373242,
            1.5051831341345034,
            1.510279215347619,
            1.4868532459329786,
            1.508309054829692,
            1.5047865755386822,
            1.4786524292294874,
            1.4957789117385072,
            1.462231358162035,
            1.488272687111704,
            1.4401866221089514,
            1.4724453726022697,
            1.4390499485877009,
            1.4437158309548865,
            1.3676856394643888,
            1.4314799791372572,
            1.4170075153804007,
            1.400608769923676,
            1.366628006352325,
            1.3531519956709035,
            1.3523510733292303,
            1.3018883007343944,
            1.2726529060905614,
            1.324371231874124,
            1.2795369846525937,
            1.2947375507620056,
            1.266527477988817,
            1.241587200413906,
            1.2788906477477031,
            1.24083683614029,
            1.2435104398056864
        ],
        "acc7": [
            0.15328467153284672,
            0.14744525547445256,
            0.15036496350364964,
            0.15036496350364964,
            0.15474452554744525,
            0.1591240875912409,
            0.1591240875912409,
            0.15474452554744525,
            0.15766423357664233,
            0.1591240875912409,
            0.15766423357664233,
            0.16204379562043797,
            0.16496350364963502,
            0.17226277372262774,
            0.17372262773722627,
            0.181021897810219,
            0.17226277372262774,
            0.17518248175182483,
            0.1854014598540146,
            0.18248175182481752,
            0.18248175182481752,
            0.18394160583941604,
            0.20437956204379562,
            0.1897810218978102,
            0.19124087591240876,
            0.2116788321167883,
            0.22043795620437956,
            0.2145985401459854,
            0.22481751824817517,
            0.22627737226277372,
            0.2145985401459854,
            0.24671532846715327,
            0.24379562043795622,
            0.23357664233576642,
            0.23795620437956205
        ],
        "f1": [
            0.3774297745346345,
            0.3207953036840358,
            0.30634166899830373,
            0.4038414812858616,
            0.33315602580636905,
            0.3732000533463692,
            0.38824915096510115,
            0.4944023054568415,
            0.3529439228070482,
            0.3360087442226432,
            0.4655633898568459,
            0.39956008887487915,
            0.5235979468999037,
            0.4074212675306231,
            0.5746126613882977,
            0.45210613123255927,
            0.5316976200020591,
            0.49274643793841927,
            0.657445742066072,
            0.5258093071718032,
            0.5566888073758303,
            0.5753054482964578,
            0.6183066174930377,
            0.6272092128791662,
            0.6181047692683114,
            0.684941921696148,
            0.6918738105823048,
            0.610023202578487,
            0.6875657355707936,
            0.633448389232653,
            0.6928119340051522,
            0.6855417752270574,
            0.6441930191217773,
            0.6984076722875262,
            0.6924257214329278
        ],